word,hindi
you,आप
I,मैं
to,को
the,
A,ए
and,और
that,वह
it,यह
of,का
me,मुझे
what,क्या
is,है
in,में
this,यह
know,जानना
I'm,मैं हूँ
for,के लिए
no,नहीं
have,पास होना
my,मेरा
don't,नहीं
just,अभी
not,नहीं
do,करना
be,होना
on,पर
your,आपका
was,था
we,हम
it's,इसका
with,साथ
so,इसलिए
but,लेकिन
all,सभी
well,कुंआ
are,हैं
he,वह
oh,ओह
about,के बारे में
right,सही
you're,आप कर रहे हैं
get,पाना
here,यहाँ
out,बाहर
going,जा रहा है
like,पसंद
yeah,हाँ
if,अगर
her,उसकी
she,वह
can,कर सकना
up,ऊपर
want,चाहना
think,सोचना
that's,वह है
now,अब
go,जाना
him,उसे
at,पर
how,कैसे
got,प्राप्त
there,वहाँ
one,एक
did,किया
why,क्यों
see,देखना
come,आना
good,अच्छा
they,वे
really,वास्तव में
as,जैसा
would,चाहेंगे
look,देखना
when,कब
time,समय
will,इच्छा
okay,ठीक है
back,पीछे
can't,नहीं कर सकता
mean,अर्थ
tell,कहना
I'll,बीमार
from,से
hey,अरे
were,थे
he's,वह है
could,सकना
didn't,नहीं था
yes,हाँ
his,उसका
been,गया
or,या
something,कुछ
who,कौन
because,क्योंकि
some,कुछ
had,था
then,तब
say,कहना
ok,ठीक है
take,लेना
an,एक
way,रास्ता
us,हम
little,थोड़ा
make,बनाना
need,ज़रूरत
gonna,होने वाला
never,कभी नहीं
we're,थे
too,बहुत
love,प्यार
she's,वह है
I've,मैंने
sure,ज़रूर
them,उन्हें
more,अधिक
over,ऊपर
our,हमारा
sorry,क्षमा मांगना
where,कहाँ
what's,क्या है
let,होने देना
thing,चीज़
am,पूर्वाह्न
maybe,शायद
down,नीचे
man,आदमी
has,है
uh,उह
very,बहुत
by,द्वारा
there's,वहाँ है
should,चाहिए
anything,कुछ भी
said,कहा
much,अधिकता
any,कोई
life,ज़िंदगी
even,यहां तक ​​की
off,बंद
please,कृपया
doing,कर रहा है
thank,धन्यवाद
give,देना
only,केवल
thought,सोचा
help,मदद
two,दो
talk,बात करना
people,लोग
god,ईश्वर
still,फिर भी
wait,इंतज़ार
into,में
find,खोजो
nothing,कुछ नहीं
again,दोबारा
things,चीज़ें
let's,के जाने
doesn't,नहीं है
call,पुकारना
told,बताया
great,महान
before,पहले
better,बेहतर
ever,कभी
night,रात
than,बजाय
away,दूर
first,पहला
believe,विश्वास
other,अन्य
feel,अनुभव करना
everything,सब कुछ
work,काम
you've,आपने
fine,अच्छा
home,घर
after,बाद
last,अंतिम
these,इन
day,दिन
keep,रखना
does,करता है
put,रखना
around,आस-पास
stop,रुकना
they're,वे
I'd,पहचान
guy,लड़का
long,लंबा
isn't,नहीं है
always,हमेशा
listen,सुनना
wanted,वांछित
Mr .,श्री ।
guys,दोस्तो
huh,हुह
those,वे
big,बड़ा
lot,बहुत
happened,घटित
thanks,धन्यवाद
won't,नहीं होगा
trying,कोशिश कर रहे हैं
kind,दयालु
wrong,गलत
through,के माध्यम से
talking,बात कर रहे
made,बनाया
new,नया
being,प्राणी
guess,अनुमान
hi,नमस्ते
care,देखभाल
bad,खराब
mom,माँ
remember,याद करना
getting,उपार्जन
we'll,कुंआ
together,एक साथ
dad,पापा
leave,छुट्टी
mother,माँ
place,जगह
understand,समझना
wouldn't,नहीं
actually,वास्तव में
hear,सुनो
baby,बच्चा
nice,अच्छा
father,पिता
else,अन्य
stay,रहना
done,हो गया
wasn't,नहीं था
their,उनका
course,अवधि
might,हो सकता है
mind,दिमाग
every,प्रत्येक
enough,पर्याप्त
try,कोशिश
hell,नरक
came,आया
someone,कोई
you'll,आप
own,अपना
family,परिवार
whole,साबुत
another,एक और
house or House,घर या घर
Jack or jack,जैक या जैक
yourself,अपने आप को
idea,विचार
ask,पूछना
best,श्रेष्ठ
must,अवश्य
coming,आ रहा
old,पुराना
looking,देखना
woman,महिला
hello,नमस्ते
which,कौन
years,साल
room,कमरा
money,धन
left,बाएं
knew,जानता था
tonight,आज रात
real,असली
son,बेटा
hope,आशा
name,नाम
same,वही
went,गया
um,उम
hmm,हम्म
happy,खुश
pretty,सुंदर
saw,देखा
girl,लड़की
sir,महोदय
show,दिखाओ
friend,दोस्त
already,पहले से
saying,कह रहा
may or May,हो सकता है या हो सकता है
next,अगला
three,तीन
job,काम
problem,संकट
minute,मिनट
found,मिला
world,दुनिया
thinking,सोच
haven't,नहीं है
heard,सुना
honey,शहद
matter,मामला
myself,खुद
couldn't,नहीं कर सका
exactly,बिल्कुल
having,होना
ah,एएच
probably,शायद
happen,होना
we've,हमने
hurt,आहत
boy,लड़का
both,दोनों
while,जबकि
dead,मृत
gotta,पड़ेगा
alone,अकेला
since,तब से
excuse,क्षमा
start,शुरू
kill,मारना
hard,मुश्किल
you'd,आप चाहते
today,आज
car,कार
ready,तैयार
until,जब तक
without,बिना
whatever,जो कुछ भी
wants,चाहता हे
hold,पकड़ना
wanna,चाहना
yet,अभी तक
seen,देखा
deal,सौदा
took,लिया
once,एक बार
gone,गया
called,बुलाया
morning,सुबह
supposed,कल्पित
friends,दोस्त
head,सिर
stuff,सामग्री
most,अधिकांश
used,इस्तेमाल किया गया
worry,चिंता
second,दूसरा
part,भाग
live,रहना
truth,सच
school,विद्यालय
face,चेहरा
forget,भूल जाओ
TRUE,सत्य
business,व्यापार
each,प्रत्येक
cause,कारण
soon,जल्द ही
knows,जानता है
few,कुछ
telling,कह
wife,पत्नी
who's,कौन है
use,उपयोग
chance,मौका
run,दौड़ना
move,कदम
anyone,कोई भी
person,व्यक्ति
bye,अलविदा
J .,जे ।
somebody,कोई व्यक्ति
Dr . or dr .,डॉ । या डॉ।
heart,दिल
such,ऐसा
miss,याद
married,विवाहित
point,बिंदु
later,बाद में
making,निर्माण
meet,मिलो
anyway,फिर भी
many,अनेक
phone,फ़ोन
reason,कारण
damn,लानत है
lost,खो गया
looks,दिखता है
bring,लाना
case,मामला
turn,मोड़
wish,इच्छा
tomorrow,कल
kids,बच्चे
trust,विश्वास
check,जाँच करना
change,परिवर्तन
end,अंत
late,देर
anymore,अब और
five,पाँच
least,कम से कम
town,शहर
aren't,नहीं कर रहे हैं
ha,हा
working,कार्यरत
year,वर्ष
makes,बनाता है
taking,ले रहा
means,मतलब
brother,भाई
play,खेल
hate,घृणा
ago,पहले
says,कहते हैं
beautiful,सुंदर
gave,दिया
fact,तथ्य
crazy,पागल
party,दल
sit,बैठना
open,खुला
afraid,डरना
between,बीच में
important,महत्वपूर्ण
rest,आराम
fun,मज़ा
kid,बच्चा
word,शब्द
watch,घड़ी
glad,खुश
everyone,सब लोग
days,दिन
sister,बहन
minutes,मिनट
everybody,हर कोई
bit,अंश
couple,युगल
whoa,रुको
either,दोनों में से एक
Mrs .,श्रीमती ।
feeling,अनुभूति
daughter,बेटी
wow,बहुत खूब
gets,जाता
asked,पूछा
under,अंतर्गत
break,तोड़ना
promise,वादा
door,दरवाजा
set,तय करना
close,बंद करना
hand,हाथ
easy,आसान
question,सवाल
doctor,चिकित्सक
tried,कोशिश की
far,दूर
walk,टहलना
needs,आवश्यकताओं
trouble,मुश्किल
mine,मेरा
though,यद्यपि
times,टाइम्स
different,अलग
killed,मारे गए
hospital,अस्पताल
anybody,कोई
Sam or SAM,सैम या सैम
alright,ठीक
wedding,शादी
shut,बंद
able,योग्य
die,मरना
perfect,उत्तम
police,पुलिस
stand,खड़ा होना
comes,आता है
hit,मार
story,कहानी
ya,फिर
mm,मिमी
waiting,इंतज़ार में
dinner,रात का खाना
against,ख़िलाफ़
funny,मज़ेदार
husband,पति
almost,लगभग
stupid,मूर्ख
pay,वेतन
answer,उत्तर
four,चार
office,कार्यालय
cool,ठंडा
eyes,आँखें
news,समाचार
child,बच्चा
shouldn't,नहीं करना चाहिए
half,आधा
side,ओर
yours,आपका अपना
moment,पल
sleep,नींद
read,पढ़ना
where's,कहाँ है
started,शुरू कर दिया
young,युवा
men,पुरुषों
sounds,आवाज़
sonny or Sonny,सन्नी या सन्नी
lucky,भाग्यशाली
pick,चुनना
sometimes,कभी-कभी
em,ईएम
bed,बिस्तर
also,भी
date,तारीख
line,रेखा
plan,योजना
hours,घंटे
lose,खोना
fire,आग
free,मुक्त
hands,हाथ
serious,गंभीर
Leo,लियो
shit,मल
behind,पीछे
inside,अंदर
high,उच्च
ahead,आगे
week,सप्ताह
wonderful,आश्चर्यजनक
T .,टी ।
fight,झगड़ा करना
past,अतीत
cut,काटना
quite,अत्यंत
number,संख्या
he'll,नरक
sick,बीमार
S .,एस ।
it'll,यह होगा
game,खेल
eat,खाओ
nobody,कोई नहीं
goes,जाता है
death,मौत
along,साथ में
save,बचाना
seems,प्रतीत
finally,अंत में
lives,ज़िंदगियाँ
worried,चिंतित
upset,परेशान
Theresa,वहाँ है
Carly,कार्ली
Ethan,एतान
met,मिले
book,किताब
brought,लाया
seem,प्रतीत होना
sort,क्रम से लगाना
safe,सुरक्षित
living,जीविका
children,बच्चे
weren't,नहीं थे
leaving,छोड़कर
front,सामने
shot,गोली मारना
loved,प्यार किया
asking,की मांग कर रहा
running,दौड़ना
clear,स्पष्ट
figure,आकृति
hot,गर्म
felt,अनुभव किया
six,छह
parents,अभिभावक
drink,पीना
absolutely,बिल्कुल
how's,कैसे
daddy,पापा
sweet,मिठाई
alive,जीवित
Paul,पॉल
sense,समझ
meant,मतलब
happens,ह ाेती है
David,डेविड
special,विशेष
bet,बेट
blood,खून
ain't,नहीं है
kidding,मज़ाक कर रहा है
lie,झूठ
full,भरा हुआ
meeting,बैठक
dear,प्रिय
coffee,कॉफी
seeing,देख के
sound,आवाज़
fault,गलती
water,पानी
fuck,लानत है
ten,दस
women,औरत
John or john,जॉन या जॉन
welcome,स्वागत
buy,खरीदना
months,महीने
hour,घंटा
speak,बोलना
lady,महिला
Jen,जेन
thinks,सोचते
Christmas,क्रिसमस
body,शरीर
order,आदेश
outside,बाहर
hang,लटकाना
possible,संभव
worse,ज़्यादा बुरा
company,कंपनी
mistake,गलती
ooh,उह
handle,सँभालना
spend,खर्च करना
C .,सी ।
totally,पूरी तरह से
giving,दे रही है
control,नियंत्रण
here's,यहाँ है
marriage,शादी
realize,समझना
D .,डी ।
power,शक्ति
president,अध्यक्ष
unless,जब तक
sex,लिंग
girls,लड़कियाँ
send,भेजना
needed,आवश्यकता है
O . or o,ओ। या ओ
taken,लिया
died,मृत
scared,डरा हुआ
picture,चित्र
talked,बातचीत की
Jake,जेक
Al,एएल
ass,गधा
hundred,सौ
changed,बदला हुआ
completely,पूरी तरह
explain,व्याख्या करना
playing,खेलना
certainly,निश्चित रूप से
sign,संकेत
boys,लड़के
relationship,संबंध
Michael,माइकल
loves,प्यार
fucking,कमबख्त
hair,बाल
lying,झूठ बोलना
choice,पसंद
anywhere,कहीं भी
secret,गुप्त
future,भविष्य
weird,अजीब
luck,भाग्य
she'll,शंख
Max or max .,अधिकतम या अधिकतम।
Luis,लुइस
turned,चालू
known,ज्ञात
touch,छूना
kiss,चुंबन
Crane or crane,क्रेन या क्रेन
questions,प्रशन
obviously,ज़ाहिर तौर से
wonder,आश्चर्य
pain,दर्द
calling,कॉलिंग
somewhere,कहीं
throw,फेंक
straight,सीधा
Grace or grace,अनुग्रह या अनुग्रह
cold,ठंडा
white or White,सफेद या सफेद
fast,तेज़
Natalie,नेटली
words,शब्द
R .,आर ।
food,खाना
none,कोई नहीं
drive,गाड़ी चलाना
feelings,भावना
they'll,वे हूँ
worked,काम
marry,शादी कर
light,रोशनी
test,परीक्षा
drop,बूँद
cannot,नही सकता
Frank,स्पष्टवादी
sent,भेजा
city,शहर
dream,सपना
protect,रक्षा करना
twenty,बीस
class,कक्षा
Lucy,लुसी
surprise,आश्चर्य
its,इसका
sweetheart,जानेमन
forever,हमेशा के लिए
poor,गरीब
looked,देखा
mad,पागल
except,के अलावा
gun,बंदूक
y'know,y 'know
dance,नृत्य
takes,लेता है
appreciate,प्रशंसा करना
especially,विशेष रूप से
situation,परिस्थिति
besides,अलावा
weeks,हफ्तों
pull,खींचो
himself,वह स्वयं
hasn't,नहीं है
act,कार्य
worth,लायक
Sheridan,शेरिडन
amazing,अद्भुत
top,शीर्ष
given,दिया गया
expect,अपेक्षा करना
Ben,बेन
rather,की अपेक्षा
Julian,जूलियन
involved,शामिल
swear,कसम खाना
piece,टुकड़ा
busy,व्यस्त
law,कानून
decided,फैसला किया
black or Black,काला या काला
Joey,एक छोटा सा सिक्का
happening,हो रहा
movie,चलचित्र
we'd,बुध
catch,पकड़ना
Antonio,एंटोनियो
country,देश
less,कम
perhaps,शायद
step,कदम
fall,गिरना
watching,देख रहे
kept,रखा
darling,प्रिय
dog,कुत्ता
Ms .,एमएस ।
win,जीतना
air,वायु
honor,सम्मान
personal,निजी
moving,चलती
till,तक
admit,स्वीकार करते हैं
problems,समस्या
murder,हत्या
strong,मज़बूत
he'd,वह था
evil,बुराई
definitely,निश्चित रूप से
feels,महसूस करता
information,जानकारी
honest,ईमानदार
eye,आँख
broke,टूट गया
missed,चुक होना
longer,अब
dollars,डॉलर
tired,थका हुआ
Jason,जेसन
George,जॉर्ज
evening,शाम
human,इंसान
starting,शुरुआत
Ross,रॉस
red,लाल
entire,पूरा
trip,यात्रा
Brooke,ब्रुक
E .,इ ।
club,क्लब
Niles,नाइल्स
suppose,कल्पना करना
calm,शांत
imagine,कल्पना करना
Todd,टॉड
fair,गोरा
caught,पकड़ा गया
B .,बी ।
blame,दोष
street,गली
sitting,बैठक
favor,कृपादृष्टि
apartment,अपार्टमेंट
court,अदालत
terrible,भयानक
clean,साफ
Tony or tony,टोनी या टोनी
learn,सीखना
Alison,एलिसन
Rick,पोरौटी
works,काम करता है
Rose or rose,गुलाब या गुलाब
Frasier,फ्रेजियर
relax,आराम करना
York,न्यूयार्क
million,दस लाख
charity,दान
accident,दुर्घटना
wake,जागो
prove,सिद्ध करना
Danny,डैनी
smart,बुद्धिमान
message,संदेश
missing,गुम
forgot,भूल गया
small,छोटा
interested,इच्छुक
table,मेज़
nbsp,एनबीएसपी
become,बनना
Craig,क्रेग
mouth,मुँह
pregnant,गर्भवती
middle,मध्य
Billy or billy,बिली या बिली
ring,अँगूठी
careful,सावधान
shall,करेगा
dude,दोस्त
team,टीम
ride,सवारी
figured,लगा
wear,घिसाव
shoot,गोली मार
stick,चिपकना
Ray or ray,रे या रे
follow,अनुसरण करना
Bo,बो
angry,गुस्सा
instead,बजाय
buddy,दोस्त
write,लिखना
stopped,रोका हुआ
early,जल्दी
Angel or angel,परी या परी
Nick or nick,निक या निक
ran,दौड़ा
war,युद्ध
standing,खड़ा है
forgive,क्षमा करना
jail,जेल
wearing,पहना हुआ
Miguel,मिगुएल
ladies,महिलाओं
kinda,एक तरह का
lunch,दिन का खाना
Cristian,क्रिस्टियन
eight,आठ
Greenlee,ग्रीनली
gotten,कमाई
hoping,आशा
Phoebe,चांद
thousand,हज़ार
ridge,चोटी
music,संगीत
Luke,ल्यूक
paper,कागज़
tough,कठिन
tape,फीता
Emily,एमिली
state,राज्य
count,गिनती करना
college,कॉलेज
boyfriend,दोस्त
proud,गर्व
agree,सहमत
birthday,जन्मदिन
bill,बिल
seven,सात
they've,वे हैं
Timmy,टिम्मी
history,इतिहास
share,शेयर करना
offer,प्रस्ताव
hurry,जल्दी
ow,ओउ
feet,पैर
wondering,ताज्जुब
simple,सरल
decision,फ़ैसला
building,इमारत
ones,लोगों
finish,खत्म करना
voice,आवाज़
herself,खुद
Chris,क्रिस
would've,चाहेंगे गए
list,सूची
Kay,काय
mess,गड़बड़
deserve,योग्य होना
evidence,प्रमाण
cute,प्यारा
Jerry,जैरी
dress,पोशाक
Richard,रिचर्ड
interesting,दिलचस्प
Jesus,यीशु
James,जेम्स
hotel,होटल
enjoy,आनंद लेना
Ryan,रयान
Lindsay,लिंडसे
quiet,शांत
concerned,संबंधित
road,सड़क
Eve or eve,ईव या ईव
staying,प्रवास के
short,छोटा
M .,एम ।
beat,मारो
sweetie,प्रेमी
mention,उल्लेख
clothes,कपड़े
finished,खत्म
fell,गिरा
neither,कोई भी नहीं
mmm,मम्म
fix,हल करना
Victor or victor,विक्टर या विक्टर
respect,आदर
spent,खर्च किया
prison,कारागार
attention,ध्यान
holding,पकड़े
calls,कॉल
near,पास में
surprised,हैरान
bar,छड़
Beth,बेथ
pass,उत्तीर्ण
keeping,रखते हुए
gift,उपहार
hadn't,नहीं था
putting,डाल
dark,अँधेरा
self,खुद
owe,ऋृणी होना
using,का उपयोग करते हुए
Nora,नोरा
ice,बर्फ़
helping,मदद कर रहा है
bitch,कुतिया
normal,सामान्य
aunt,चाची
lawyer,वकील
apart,अलग
certain,निश्चित
plans,की योजना
Jax,जक
girlfriend,दोस्त
floor,ज़मीन
whether,चाहे
everything 's,सब कुछ
present,उपस्थित
earth,धरती
private,निजी
Jessica,जेसिका
box,डिब्बा
Dawson,डावसन
cover,ढकना
judge,न्यायाधीश
upstairs,ऊपर
Alexis,एलेक्सिस
Shawn,शॉन
sake,कारण
mommy,माँ
possibly,संभवत:
worst,बहुत बुरा
station,स्टेशन
acting,अभिनय
accept,स्वीकार करना
blow,फूँक मारना
strange,अजीब
saved,बचाया
Ivy or ivy,आइवी या आइवी
conversation,बातचीत
plane,विमान
mama,माँ
yesterday,कल
lied,झूठ बोला
quick,जल्दी
lately,हाल ही में
stuck,अटक गया
lovely,प्यारा
security,सुरक्षा
report,प्रतिवेदन
Barbara,बारबरा
difference,अंतर
rid,छुटकारा दिलाना
tv or TV,टीवी या टीवी
Adam,एडम
store,इकट्ठा करना
she'd,ओसारा
bag,थैला
Mike,माइक
bought,खरीदा
ball,गेंद
single,अकेला
Kevin,केविन
doubt,संदेह
listening,सुनना
major,प्रमुख
walking,चलना
cops,पुलिस
blue,नीला
deep,गहरा
dangerous,खतरनाक
Buffy,बफी
park or Park,पार्क या पार्क
sleeping,सोना
Chloe,क्लो
Rafe,रफ
shh,श
record,अभिलेख
lord,भगवान
Erica,एरिका
moved,ले जाया गया
join,जोड़ना
key,चाबी
captain,कप्तान
card,कार्ड
crime,अपराध
gentlemen,सज्जनों
willing,इच्छुक
window,खिड़की
return,वापस करना
walked,चला
guilty,अपराधी
Brenda,ब्रेंडा
likes,पसंद है
fighting,लड़ाई करना
difficult,कठिन
soul,आत्मा
joke,चुटकुला
service,सेवा
magic,जादू
favorite,पसंदीदा
uncle,चाचा
promised,वादा
public,जनता
bother,परेशान
island,द्वीप
Jim,जिम
seriously,गंभीरता से
cell,कक्ष
lead,नेतृत्व करना
knowing,जानने
broken,टूटा हुआ
advice,सलाह
somehow,किसी तरह
paid,चुकाया गया
Blair,ब्लेयर
losing,हार
push,धकेलना
helped,मदद की
killing,मारना
usually,आम तौर पर
earlier,पहले
boss,मालिक
Laura,लौरा
beginning,शुरुआत
liked,पसंद किया
innocent,मासूम
doc,डॉक्टर
rules,नियम
Elizabeth,एलिज़ाबेथ
Sabrina,सबरीना
summer or Summer,गर्मी या गर्मी
ex,पूर्व
cop,पुलिस
learned,सीखा
thirty,तीस
risk,जोखिम
letting,दे
Phillip,फिलिप
speaking,बोला जा रहा है
officer,अफ़सर
ridiculous,हास्यास्पद
support,सहायता
afternoon,दोपहर
Eric,एरिक
born,जन्म
dreams,सपने
apologize,क्षमा माँगना
seat,सीट
nervous,घबराया हुआ
across,आर-पार
song,गाना
Olivia,ओलिविया
charge,शुल्क
patient,मरीज़
Cassie,कैसी
boat,नाव
how'd,कैसे
brain,दिमाग
hide,छिपाना
detective,जासूसी
Aaron,ऐरोन
Kendall,केंडल
general,सामान्य
Tom,टॉम
planning,योजना
nine,नौ
huge,विशाल
breakfast,नाश्ता
horrible,भयंकर
age,आयु
awful,भयंकर
pleasure,आनंद
driving,ड्राइविंग
hanging,फांसी
picked,उठाया
system,प्रणाली
sell,बेचना
quit,छोड़ना
apparently,जाहिरा तौर पर
dying,मरना
notice,सूचना
Josh,जोश
congratulations,बधाई हो
chief,अध्यक्ष
faith,आस्था
Simon,साइमन
gay,समलैंगिक
ho or Ho,हो या हो
one's,एक व्यक्ति
month,महीना
visit,मिलने जाना
Hal,हैल
could've,कर सकती थीं
c'mon,चलो
aw,अरे
Edmund,एडमंड
Brady,ब्रैडी
letter,पत्र
decide,तय करना
American,अमेरिकन
double,दोहरा
Troy,ट्रॉय
sad,उदास
press,प्रेस
forward,आगे
fool,मूर्ख
showed,दिखाया है
smell,गंध
seemed,प्रतीत हुआ
Mary,मेरी
spell,बोलना
Courtney,कर्टनी
memory,याद
Mark or mark,चिह्न या चिह्न
Alan,एलन
pictures,चित्रों
Paris,पेरिस
slow,धीमा
Joe or joe,जो या जो
Tim,टिम
seconds,सेकंड
hungry,भूखा
board,तख़्ता
position,पद
hearing,सुनवाई
Roz,रोज़
kitchen,रसोईघर
ma'am,महोदया
Bob or bob,बॉब या बॉब
force,बल
fly,उड़ना
during,दौरान
space,अंतरिक्ष
should've,है चाहिए
realized,समझना
experience,अनुभव
kick,लात मारना
others,अन्य
grab,झपटना
mother 's,माँ का
P .,पी ।
Sharon,शेरोन
discuss,चर्चा करना
third,तीसरा
cat or Cat,बिल्ली या बिल्ली
fifty,पचास
responsible,जिम्मेदार
Jennifer,जेनिफर
Philip,फ़िलिप
miles or Miles,मील या मील
fat,मोटा
reading,पढ़ना
idiot,बेवकूफ़
yep,हां
rock,चट्टान
rich,अमीर
suddenly,अचानक
agent,प्रतिनिधि
bunch,गुच्छा
destroy,नष्ट करना
bucks,बक्स
track,रास्ता
shoes,जूते
scene,दृश्य
peace,शांति
arms,हथियारों
demon,राक्षस
Diane,DIANE
Bridget,ब्रिजेट
Brad,चपटी कील
low,कम
Livvie,लिववी
consider,विचार करना
papers,पत्रों
medical,चिकित्सा
incredible,अविश्वसनीय
witch,चुड़ैल
er,एर
drunk,पिया हुआ
attorney,प्रतिनिधि
Charlie,चार्ली
tells,कहता है
knock,दस्तक
Karen,करेन
ways,तौर तरीकों
eh,एह
belle or Belle,बेले या बेले
cash or Cash,नकद या रोकड़
gives,देता है
department,विभाग
nose,नाक
Skye,आकाश
turns,मोड़ों
keeps,रखता है
beer,बियर
jealous,ईर्ष्या
drug,दवाई
Molly,पतुरिया
sooner,पहले
cares,चिन्ताओं
plenty,बहुत
extra,अतिरिक्त
tea,चाय
won,जीत गया
attack,आक्रमण करना
ground,मैदान
whose,किसका
outta,बाहर
Kyle,केली
L .,एल।
weekend,सप्ताहांत
matters,मामले
wrote,लिखा
type,प्रकार
father 's,पिता की
Alex,एलेक्स
gosh,भगवान
opportunity,अवसर
king,राजा
impossible,असंभव
books,पुस्तकें
machine,मशीन
waste,बरबाद करना
th#English|-th|th,Th#अंग्रेजी | -th | Th
pretend,बहाना करना
named,नाम
danger,खतरा
wall,दीवार
Liz,लिज़
Ian,आईएएन
Henry,हेनरी
jump,कूदना
eating,खाना
proof,सबूत
complete,पूरा
slept,सो गए
career,आजीविका
arrest,गिरफ़्तार करना
star,तारा
Phyllis,फिलिस
Mac,मैक
breathe,साँस लेना
perfectly,पूरी तरह से
warm,गरम
pulled,खींच लिया
Maria,मारिया
twice,दो बार
easier,आसान
killer,हत्यारा
goin ',में जाना '
dating,डेटिंग
suit,सुविधाजनक होना
romantic,प्रेम प्रसंगयुक्त
drugs,ड्रग्स
comfortable,आरामदायक
Isaac,इसहाक
powers or Powers,शक्तियां या शक्तियां
finds,ढूंढता है
checked,चेक किए गए
fit,उपयुक्त
divorce,तलाक
begin,शुरू
ourselves,हम स्वयं
closer,करीब
ruin,बर्बाद करना
although,हालांकि
smile,मुस्कान
laugh,हँसना
fish,मछली
Abigail,अबीगैल
treat,इलाज
god 's,भगवान का
fear,डर
Anna,अन्ना
what'd,क्या
Simone,सिमोन
Amber,अंबर
guy 's,दोस्तो
otherwise,अन्यथा
excited,उत्साहित
mail,मेल
hiding,छुपा रहे है
cost,लागत
green or Green,हरा या हरा
stole,चुराई
Pacey,पसीली
noticed,ध्यान दिया
Liza,लिज़ा
fired,निकाल दिया
Daphne,Daphne
Whitney,व्हिटनी
excellent,उत्कृष्ट
lived,रहते थे
bringing,लाना
pop,जल्दी से आना
piper or Piper,पाइपर या पाइपर
bottom,तल
note,टिप्पणी
sudden,अचानक
church,गिरजाघर
bathroom,स्नानघर
flight,उड़ान
Chad or chad,चाड या चाड
la or LA,ला या ला
honestly,ईमानदारी से
sing,गाओ
Katie,केटी
foot,पैर
games,खेल
glass,काँच
N .,एन ।
Mitch,मिच
remind,याद दिलाना
bank,किनारा
Rory,रोरी
charges,प्रभार
witness,गवाह
finding,खोज
places,स्थानों
tree,पेड़
dare,हिम्मत
hardly,मुश्किल से
that'll,कि करेंगे
U .,यू।
interest,दिलचस्पी
steal,चुराना
princess,राजकुमारी
silly,नासमझ
contact,संपर्क
teach,पढ़ाना
shop,दुकान
plus,प्लस
colonel,कर्नल
fresh,ताजा
trial,परीक्षण
invited,आमंत्रित
roll,रोल
radio,रेडियो
art,कला
reach,पहुँचना
heh,हेह
dirty,गंदा
choose,चुनना
emergency,आपातकाल
dropped,गिरा दिया
butt,बट
credit,श्रेय
obvious,ज़ाहिर
cry,चिल्लाना
locked,बंद
Larry,लैरी
loving,प्यार
positive,सकारात्मक
nuts,पागल
agreed,मान गया
Prue,प्रू
price or Price,कीमत या कीमत
goodbye,अलविदा
condition,स्थिति
guard,रक्षक
fuckin ',साला
grow,बढ़ना
cake,केक
mood,मनोदशा
dad 's,पिताजी
Bianca,बियांका
total,कुल
crap,बकवास
crying,रोना
Paige,Paige
K . or 'k,क । या 'k
belong,संबंधित
lay,बिछाना
partner,साथी
trick,चाल
pressure,दबाव
ohh,ओह
arm,हाथ
dressed,कपड़े पहने
cup,कप
lies,झूठ
bus,बस
taste,स्वाद
neck,गरदन
south,दक्षिण
something 's,कुछ है
nurse,देखभाल करना
raise,उठाना
land,भूमि
cross,पार करना
lots,बहुत
mister,श्रीमान
carry,ढोना
group,समूह
whoever,कोई भी हो
Eddie,एडी
drinking,पीने
they'd,वे चाहते
breaking,टूटने के
file,फ़ाइल
lock,ताला
computer,कंप्यूटर
yo,यो
Rebecca,रेबेका
wine,शराब
closed,बंद किया हुआ
writing,लिखना
spot,स्थान
paying,का भुगतान
study,अध्ययन
assume,मान लीजिए
asleep,सो गया
man 's,पुस्र्ष का
turning,मोड़
legal,कानूनी
justice,न्याय
Viki,Viki
Chandler,दुकानदार
bedroom,सोने का कमरा
shower,फव्वारा
Nikolas,निकोलस
camera,कैमरा
fill,भरना
reasons,कारण
forty,चालीस
bigger,बड़ा
nope,नहीं
keys,चांबियाँ
Starr,स्टार
breath,साँस
doctors,डॉक्टरों
pants,पैंट
freak,सनकी
level,स्तर
French,फ्रांसीसी
movies,चलचित्र
gee,आगे बढ़ना
Monica,मोनिका
action,कार्रवाई
area,क्षेत्र
folks,जनसामान्य
Steve,स्टीव
cream,मलाई
ugh,ऊ
continue,जारी रखना
focus,केंद्र
wild,जंगली
truly,सही मायने में
Jill or jill,जिल या जिल
desk,मेज़
convince,राजी करना
client,ग्राहक
threw,फेक दिया
Taylor,टेलर
band,बैंड
hurts,दर्द होता है
Charles,चार्ल्स
spending,खर्च
Neil,नील
field or Field,क्षेत्र या क्षेत्र
allow,अनुमति दें
grand,ग्रैंड
answers,जवाब
shirt,कमीज
chair,कुर्सी
Christ or christ,मसीह या मसीह
allowed,अनुमत
rough,किसी न किसी
doin,कर
sees,देखता है
government,सरकार
Harry,सताना
ought,चाहिए
empty,खाली
round,गोल
lights,दीपक
insane,पागल
hall or Hall,हॉल या हॉल
hat,टोपी
bastard,हरामी
wind,हवा
shows,दिखाता है
aware,जागरूक
dealing,व्यवहार
pack,सामान बाँधना
meaning,अर्थ
flowers,पुष्प
tight,कसा हुआ
hurting,चोट पहुँचाने
ship,जहाज
subject,विषय
guest,अतिथि
mom 's,माँ का
chicken,मुर्गा
pal,दोस्त
match,मिलान
Elaine,ऐलेन
arrested,गिरफ्तार
sun,सूरज
Rachel,राहेल
Salem,सलेम
confused,अस्पष्ट
surgery,शल्य चिकित्सा
expecting,उम्मीद
deacon,उपयाजक
Colleen,कोलीन
unfortunately,दुर्भाग्य से
goddamn,धत् तेरे की
lab,प्रयोगशाला
passed,उत्तीर्ण
bottle,बोतल
beyond,आगे
whenever,जब कभी भी
pool,पूल
opinion,राय
naked,नंगा
held,आयोजित
common,सामान्य
starts,प्रारंभ होगा
jerk,झटका
secrets,रहस्य
falling,गिर रहा है
played,खेला
necessary,ज़रूरी
barely,मुश्किल से
dancing,नृत्य
health,स्वास्थ्य
tests,परीक्षण
copy,कॉपी
Keri,केरी
video,वीडियो
cousin,चचेरा
planned,की योजना बनाई
Vanessa,वैनेसा
dry,सूखा
ahem,अहम
twelve,बारह
simply,केवल
Tess,टेस
Scott,स्कॉट
skin,त्वचा
often,अक्सर
English,अंग्रेज़ी
fifteen,पंद्रह
spirit,आत्मा
speech,भाषण
names,नाम
issue,मुद्दा
orders,आदेश
nah,नः
final,अंतिम
Michelle,मिशेल
America,अमेरिका
St .,अनुसूचित जनजाति ।
results,परिणाम
code,कोड
Ned,नेड
Bonnie,बोनी
W .,डब्ल्यू।
believed,माना जाता है कि
complicated,उलझा हुआ
umm,उम
research,अनुसंधान
nowhere,कहीं भी नहीं
escape,पलायन
biggest,सबसे बड़ी
restaurant,रेस्टोरेंट
page or Page,पृष्ठ या पृष्ठ
grateful,आभारी
usual,साधारण
burn,जलाना
Chicago,शिकागो
Austin,ऑस्टिन
address,पता
within,अंदर
someplace,कहीं न कहीं
screw,पेंच
everywhere,हर जगह
train,रेलगाड़ी
film,पतली परत
regret,खेद
goodness,अच्छाई
mistakes,गलतियां
heaven or Heaven,स्वर्ग या स्वर्ग
details,विवरण
responsibility,ज़िम्मेदारी
suspect,संदिग्ध व्यक्ति
corner,कोना
hero,नायक
dumb,गूंगा
terrific,कमाल का
Peter,पीटर
mission,उद्देश्य
further,आगे
Amy,एमी
gas,गैस
whoo,वू
hole,छेद
memories,यादें
o'clock,ओ क्लॉक
Brian,ब्रायन
truck,ट्रक
following,अगले
ended,समाप्त
nobody 's,कोई नहीं
Margo,मार्गो
teeth,दाँत
ruined,तबाह
Hank,अटेरना
split,विभाजित करना
Reva,रेवा
bear,भालू
airport,एयरपोर्ट
bite,काटना
smoke,धुआँ
Stenbeck,स्टेनबेक
older,पुराने
liar,झूठा
horse,घोड़ा
Gwen,वेन
showing,दिखा
van or Van,वैन या वैन
project,परियोजना
cards,पत्ते
desperate,निराश
themselves,खुद
search,खोज
pathetic,दयनीय
damage,हानि
spoke,बोला
quickly,जल्दी से
scare,डराना
Marah,मारा
G .,जी ।
beach,समुद्र तट
Mia,एमआईए
brown or Brown,भूरा या भूरा
afford,वहन
vote,वोट
settle,निपटारा करना
gold,सोना
re or 're,re या 're
mentioned,उल्लिखित
ed or -ed,ed या -ed
due,देय
passion,जुनून
Y . or -y,Y। या -y
stayed,रुके
rule,नियम
Friday,शुक्रवार
checking,चेकिंग
tie,बाँधना
hired,काम पर रखा
upon,ऊपर
rush or Rush,भीड़
Tad,बालक
heads,सिर
concern,चिंता
blew,फूंका
natural,प्राकृतिक
Alcazar,अलकज़ार
Kramer,क्रेमर
champagne,शैम्पेन
connection,कनेक्शन
tickets,टिकट
Kate,कैट
finger,उँगलिया
happiness,ख़ुशी
form,रूप
saving,बचत
kissing,चुंबन
Martin,मार्टिन
hated,नफरत
personally,व्यक्तिगत रूप से
suggest,सुझाव देना
prepared,तैयार
build,निर्माण
leg,टांग
onto,पर
leaves,पत्तियों
downstairs,सीढ़ी के नीचे
ticket,टिकट
it'd,यह होगा
taught,पढ़ाया
loose,ढीला
holy,पवित्र
staff,कर्मचारी
sea,समुद्र
Asa,के तौर पर
planet,ग्रह
duty,कर्तव्य
convinced,कायल
throwing,फेंकने
defense,रक्षा
Harvey,हार्वे
kissed,चूमा
legs,लेग्स
Dave,डेव
according,अनुसार
loud,ऊँचा स्वर
practice,अभ्यास
Andy,ANDY
Jess,जेस
Saturday,शनिवार
Colin,कॉलिन
bright or Bright,उज्ज्वल या उज्ज्वल
Amanda,AMANDA
Fraser,फ्रेजर
F .,एफ ।
babies,बच्चों
army,सेना
where'd,जहां घ
warning,चेतावनी
miracle,चमत्कार
carrying,भार उठाते
flying,उड़ान
Caleb,कालेब
blind,अंधा
queen,रानी
ugly,कुरूप
shopping,खरीदारी
hates,नफरत करता है
someone 's,किसी का
Seth,सेठ
monster,राक्षस
sight,दृश्य
vampire,पिशाच
Rosanna,रोसन्ना
bride,दुल्हन
coat,परत
account,खाता
states,राज्य अमेरिका
clearly,स्पष्ट रूप से
celebrate,जश्न मनाना
Nicole,निकोल
brilliant,शानदार
wanting,चाहते हैं
Allison,एलीसन
add,जोड़ना
moon,चंद्रमा
Forrester,फॉरेस्टर
lips,होंठ
custody,हिरासत
center,केंद्र
screwed,स्क्रिव्ड
buying,क्रय करना
size,आकार
toast,सेंकना
thoughts,विचार
Isabella,इसाबेल्ला
student,विद्यार्थी
stories,कहानियों
however,तथापि
professional,पेशेवर
stars,सितारे
reality,वास्तविकता
Jimmy or jimmy,जिमी या जिमी
birth,जन्म
Lexie,लेक्सी
attitude,नज़रिया
advantage,फ़ायदा
grandfather,दादा
Sami,सामी
sold,बिका हुआ
opened,खुल गया
Lily,लिली
grandma,दादी
beg,निवेदन करना
Edward,एडवर्ड
changes,परिवर्तन
Diego,डिएगो
Cole,गोभी
someday,किसी दिन
grade,श्रेणी
cheese,पनीर
roof,छत
Kenny,केनी
Bobby or bobby,बॉबी या बॉबी
pizza,पिज़्ज़ा
brothers,भाई बंधु
X . or x,एक्स । या एक्स
signed,पर हस्ताक्षर किए
bird,चिड़िया
ahh,आह
marrying,शादी
powerful,ताकतवर
grown,ग्रोन
grandmother,दादी मा
fake,नकली
opening,उद्घाटन
Sally,विप्लव
Stephanie,स्टेफ़नी
expected,अपेक्षित
eventually,अंततः
must've,सफल होनी चाहिए
ideas,विचारों
exciting,रोमांचक
covered,ढका हुआ
Parker,पार्कर
de,डे
familiar,परिचित
bomb,बम
bout,बार
television,टेलीविजन
harmony or Harmony,सामंजस्य या सद्भाव
color,रंग
heavy,भारी
schedule,अनुसूची
records,अभिलेख
H .,एच ।
dollar,डॉलर
capable,काबिल
master,मालिक
numbers,नंबर
Toby,टोबी
practically,वास्तव में
including,शामिल
correct,सही
clue,संकेत
forgotten,भूल गई
immediately,तुरंत
appointment,नियुक्ति
social,सामाजिक
nature,प्रकृति
ú,U के
deserves,हकदार
west or West,पश्चिम या पश्चिम
Blake,ब्लेक
teacher,अध्यापक
threat,धमकी
Frankie,फ्रेंकी
bloody,खूनी
lonely,अकेला
Kelly,केली
ordered,आदेश दिया
shame,शर्म करो
Brittany,ब्रिटनी
local,स्थानीय
jacket,जैकेट
hook,अंकुश
destroyed,नष्ट किया हुआ
scary,डरावना
loser,परास्त
investigation,जाँच पड़ताल
above,ऊपर
Jamal,जमाल
invite,आमंत्रित करना
shooting,शूटिंग
merry,प्रमुदित
port,पत्तन
precious,कीमती
lesson,पाठ
Roy,रॉय
criminal,आपराधिक
growing,बढ़ रही है
caused,वजह
victim,पीड़ित
professor,प्रोफ़ेसर
followed,पालन ​​किया
funeral,अंतिम संस्कार
nothing 's,कुछ भी नहीं है
dean,डीन
considering,मानते हुए
burning,जलता हुआ
couch,सोफ़ा
strength,ताकत
harder,और जोर से
loss,नुकसान
view,देखना
Gia,जिया
beauty,सुंदरता
sisters,बहन की
everybody 's,हर कोई
several,अनेक
pushed,धकेल दिया
Nicholas,निकोलस
written,लिखा हुआ
somebody 's,किसी का
shock,झटका
pushing,धक्का
heat,गर्मी
chocolate,चॉकलेट
greatest,महानतम
Holden,होल्डेन
miserable,दुखी
Corinthos,कुरिन्थोस
nightmare,बुरा अनुभव
energy,ऊर्जा
brings,लाता है
Zander,ज़ैंडर
character,चरित्र
became,बन गया
famous,प्रसिद्ध
enemy,दुश्मन
crash,टकरा जाना
chances,अवसरों
sending,भेजना
recognize,पहचानना
healthy,स्वस्थ
boring,उबाऊ
feed,खिलाना
engaged,काम में लगा हुआ
Sarah,सारा
percent,प्रतिशत
headed,अध्यक्षता
Brandon,ब्रैंडन
lines,पंक्तियां
treated,इलाज
purpose,उद्देश्य
north or North,उत्तर या उत्तर
knife,चाकू
rights,अधिकार
drag,खींचना
San,सैन
fan,पंखा
badly,बुरी तरह
speed,रफ़्तार
Santa,सांता
hire,किराये पर लेना
curious,जिज्ञासु
paint,रँगना
pardon,क्षमा
Jackson,जैक्सन
built,बनाना
behavior,व्यवहार
closet,अलमारी
candy or Candy,कैंडी या कैंडी
Helena,हेलेना
warn,चेतावनी देना
gorgeous,भव्य
post,डाक
milk,दूध
survive,जीवित बचना
forced,मजबूर
daria,दारिया
victoria,विक्टोरिया
operation,संचालन
suck,चूसना
offered,की पेशकश की
hm,एचएम
ends,समाप्त होता है
dump,गंदी जगह
rent,किराया
marshall,मार्शल
remembered,याद आ गई
lieutenant,लेफ्टिनेंट
trade,व्यापार
thanksgiving,ध यवाद
rain,बारिश
revenge,बदला
physical,भौतिक
available,उपलब्ध
program,कार्यक्रम
prefer,पसंद करना
baby's,बच्चा
spare,अतिरिक्त
pray,प्रार्थना करना
disappeared,गायब हुआ
aside,अलग
statement,कथन
sometime,कभी कभी
animal,जानवर
sugar,चीनी
Ricky,रिकी
meat,मांस
fantastic,ज़बरदस्त
breathing,साँस लेने
laughing,हँसना
itself,अपने आप
tip,बख्शीश
stood,खड़ा हुआ
market,बाज़ार
Raul,राउल
affair,मामला
Stephen,स्टीफन
ours,हमारा
depends,निर्भर करता है
cook,पकाना
babe,बच्चा
main,मुख्य
woods,वुड्स
protecting,की रक्षा
jury,पंचायत
Harley,हार्ले
national,राष्ट्रीय
brave,बहादुर
storm,आंधी
large,बड़ा
prince,राजकुमार
Jack 's,जैक
interview,साक्षात्कार
Daniel,डैनियल
roger,आरे
football,फ़ुटबॉल
fingers,उंगलियों
murdered,हत्या
Stan,स्टेन
sexy,कामुक
Julia,जूलिया
explanation,स्पष्टीकरण
da,डा
process,प्रक्रिया
picking,उठा
based,आधारित
style,शैली
stone,पत्थर
pieces,टुकड़े
blah,बकवास
assistant,सहायक
stronger,मजबूत
block,अवरोध पैदा करना
aah,आह
Newman,नए आदमी
bullshit,बकवास
pie,पाई
handsome,आकर्षक
unbelievable,अविश्वसनीय
anytime,किसी भी समय
nearly,लगभग
Maureen,मॉरीन
shake,हिलाना
everyone 's,हर कोई
Oakdale,ओकडेल
cars,कारें
wherever,जहां कहीं भी
serve,सेवा करना
pulling,खींचना
points,अंक
medicine,दवा
facts,तथ्य
waited,प्रतीक्षा की
Pete,पीट
lousy,घटिया
circumstances,परिस्थितियाँ
stage,अवस्था
Lucas,लुकास
disappointed,निराश
weak,कमज़ोर
trusted,भरोसा
license,लाइसेंस
nothin,कुछ नहीं
community,समुदाय
trey,ट्रे
Jan,जनवरी
trash,कचरा
understanding,समझ
slip,फिसलना
cab,कैब
Abby,एबी
sounded,लग रहा था
awake,जागना
friendship,दोस्ती
stomach,पेट
weapon,हथियार
threatened,धमकाया
Don,अगुआ
mystery,रहस्य
Sean,शॉन
official,अधिकारी
Lee,ली
dick,लिंग
regular,नियमित
Donna,डोना
river,नदी
Malcolm,मैल्कम
Vegas,वेगास
valley,घाटी
understood,समझा
contract,अनुबंध
bud,कली
sexual,यौन
race,दौड़
basically,मूल रूप से
switch,बदलना
lake,झील
frankly,सच कहूं
issues,समस्याएँ
cheap,सस्ता
lifetime,जीवनभर
deny,अस्वीकार करना
painting,चित्रकारी
ear,कान
clock,घड़ी
Baldwin,बाल्डविन
weight,वज़न
garbage,कचरा
why'd,क्यों
tear,आंसू
ears,कान
dig,खोदना
bullet,गोली
selling,बिक्री
setting,सेटिंग
indeed,वास्तव में
gus,गस
changing,बदल रहा
singing,गायन
tiny,छोटा
particular,विशिष्ट
draw,खींचना
decent,शालीन
Susan,सुसान
super,बहुत अच्छा
spring,वसंत
santos,सैंटोस
avoid,टालना
messed,गड़बड़
united,यूनाइटेड
filled,भरा हुआ
touched,छुआ
score,अंक
people's,लोगों का
disappear,गायब
stranger,अजनबी
exact,एकदम सही
pills,गोलियाँ
kicked,निकाल दिया
harm,चोट
recently,हाल ही में
ma,एमए
snow,बर्फ
fortune,भाग्य
strike,हड़ताल
pretending,नाटक
raised,उठाया
annie,एनी
slayer,बध करनेवाला
monkey,बंदर
insurance,बीमा
fancy,कल्पना
Sydney,सिडनी
drove,गल्ला
cared,परवाह
belongs,अंतर्गत आता है
nights,नाइट्स
shape,आकार
dogs,कुत्ते
Lorelai,लोरेलाई
Jackie,जैकी
base,आधार
Maggie,मैगी
lift,उठाना
Lewis,लेविस
stock,भंडार
Sonny 's,सन्नी
fashion,पहनावा
freedom,स्वतंत्रता
timing,समय
Johnny,छोकरा
guarantee,गारंटी
chest,छाती
bridge,पुल
woke,उठा
Tabitha,तबिथा
source,स्रोत
patients,मरीजों
theory,लिखित
lisa,लिसा
camp,शिविर
original,मूल
juice,रस
burned,जला
access,पहुँच
watched,देखा
heading,शीर्षक
selfish,स्वार्थी
oil,तेल
drinks,पेय
wise,ढंग
Morgan,मॉर्गन
Ashley,एशले
failed,असफल
period,अवधि
doll,गुड़िया
committed,प्रतिबद्ध
elevator,लिफ़्ट
freeze,जमाना
noise,शोर
exist,अस्तित्व
science,विज्ञान
pair,जोड़ा
edge,किनारा
wasting,बर्बाद कर
sat,बैठा
player,खिलाड़ी
ceremony,समारोह
cartman,कार्टमैन
pig,सुअर
uncomfortable,असुविधाजनक
Ted,टेड
peg,खूंटी
guns,बंदूकें
vacation,छुट्टी
staring,घूर
files,फ़ाइलें
bike,बाइक
weather,मौसम
name 's,नाम
mostly,ज्यादातर
stress,तनाव
Kristina,क्रिस्टीना
sucks,बेकार
permission,अनुमति
arrived,पहुँचा
thrown,फेंक दिया
possibility,संभावना
faster,और तेज
example,उदाहरण
borrow,उधार
Casey,केसी
release,मुक्त करना
ate,खाया
notes,टिप्पणियाँ
joy,आनंद
hoo,हू
library,पुस्तकालय
junior,कनिष्ठ
property,संपत्ति
negative,नकारात्मक
fabulous,आश्चर्यजनक
event,आयोजन
doors,दरवाजे
screaming,चिल्ला
vision,दृष्टि
Nancy,नैंसी
member,सदस्य
bone,हड्डी
battle,युद्ध
Xander,ज़ेंडर
Giles,जाइल्स
safety,सुरक्षा
term,अवधि
devil,शैतान
what 're,क्या '
meal,खाना
fellow,साथी
asshole,गधे
apology,क्षमायाचना
anger,गुस्सा
honeymoon,सुहाग रात
wet,गीला
bail,जमानत
parking,पार्किंग
fucked,गड़बड़
non,गैर
hung,त्रिशंकु
protection,सुरक्षा
manager,प्रबंधक
fixed,तय
families,परिवार
dawn,भोर
sports,खेल
Chinese,चीनी
campaign,अभियान
map,नक्शा
wash,धोना
stolen,चुराया हुआ
sensitive,संवेदनशील
stealing,चोरी
photo,तस्वीर
chose,चुना
Russell,रसेल
lets,की सुविधा देता है
comfort,आराम
worrying,चिंता
whom,किसको
pocket,जेब
Mateo,मेटो
bleeding,खून बह रहा है
students,छात्र
shoulder,कंधा
ignore,अनदेखा करना
fourth,चौथी
neighborhood,अड़ोस-पड़ोस
FBI,एफबीआई
talent,प्रतिभा
Spaulding,SPAULDING
Carmen,कारमेन
tied,बंधा होना
garage,गैरेज
dies,मर जाता है
demons,राक्षसों
travel,यात्रा
Diana,डायना
success,सफलता
dumped,फेंक दिया
witches,चुड़ैलों
training,प्रशिक्षण
rude,अशिष्ट
crack,दरार
model,नमूना
bothering,परेशान
radar,राडार
grew,बढ़ी
willow,विलो
remain,अवशेष
soft,कोमल
meantime,इसी बीच
gimme,गिम्मी
connected,जुड़े हुए
chase,पीछा करना
kinds,प्रकार
cast,ढालना
cancer,कैंसर
Abe,आबे
v,वी
sky,आकाश
likely,संभावित
Laurence,लारेंस
fate,भाग्य
buried,दफ़नाया गया
hug,आलिंगन
brother 's,भाई बंधु
driver,चालक
concentrate,ध्यान केंद्रित करना
throat,गला
prom,प्रॉम
messages,संदेशों
east,पूर्व
unit,इकाई
intend,इरादा रखना
Hayward,हेवर्ड
Dan,सज्जन
crew,कर्मी दल
ashamed,शर्मिंदा
somethin,किसी चीज़
midnight,मध्यरात्रि
manage,प्रबंधित करना
guilt,अपराध
weapons,"हथियार, शस्त्र"
terms,शर्तें
interrupt,रुकावट डालना
guts,हिम्मत
tongue,जीभ
distance,दूरी
conference,सम्मेलन
treatment,इलाज
shoe,जूता
Kane,केन
basement,तहखाना
Alexandra,एलेक्जेंड्रा
sentence,वाक्य
purse,बटुआ
Hilda,हिल्डा
glasses,चश्मा
cabin,केबिन
universe,ब्रह्मांड
towards,की ओर
repeat,दोहराना
mirror,आईना
wound,घाव
Travers,ट्रेवर्स
Matthew,मैथ्यू
tall,लंबा
reaction,प्रतिक्रिया
odd,विषम
engagement,सगाई
therapy,चिकित्सा
letters,पत्र
emotional,भावनात्मक
runs,रन
magazine,पत्रिका
jeez,चीज़
decisions,फैसले
soup,शोरबा
daughter 's,बेटी
thrilled,रोमांचित
Buchanan,बुकानन
society,समाज
managed,कामयाब
Dixie,देग़चा
sue,मुक़दमा चलाना
stake,दांव
rex,रेक्स
chef,बावर्ची
moves,चाल
awesome,बहुत बढ़िया
genius,तेज़ दिमाग वाला
extremely,अत्यंत
entirely,पूरी तरह से
tory,अनुदारपंथी
nasty,बहुत खराब
moments,क्षणों
expensive,महँगा
counting,गिनती
shots,फुहार
kidnapped,अपहरण
square,वर्ग
Seattle,सिएटल
son 's,बेटों
London,लंडन
cleaning,सफाई
shift,बदलाव
plate,थाली
Zack,जैक
impressed,प्रभावित किया
smells,बदबू आ रही है
trapped,फंसा हुआ
male,पुरुष
tour,यात्रा
Aidan,एडन
knocked,खटखटाया
charming,आकर्षक
attractive,आकर्षक
argue,बहस
Sunday,रविवार
puts,डालता है
whip,कोड़ा
language,भाषा
heck,बिल्ली
embarrassed,शर्मिंदा
settled,बसे हुए
package,पैकेट
laid,लिटा देना
animals,जानवरों
hitting,मार
disease,बीमारी
bust,छाती
stairs,सीढ़ियाँ
Lizzie,लीसी
alarm,खतरे की घंटी
pure,शुद्ध
nail,नाखून
nerve,नस
incredibly,अविश्वसनीय रूप से
hill,पहाड़ी
walks,सैर
lane,गली
dirt,गंध
bond,गहरा संबंध
stamp,टिकट
sister 's,बहन की
becoming,बनने
terribly,बहुत
friendly,दोस्ताना
easily,आसानी से
damned,शापित
jobs,नौकरियां
suffering,कष्ट
disgusting,घिनौना
Washington,वाशिंगटन
stopping,रोक
deliver,बाँटना
riding,राइडिंग
helps,मदद करता है
federal,संघीय
disaster,आपदा
bars,सलाखों
DNA,डीएनए
crossed,पार
rate,दर
create,बनाएं
trap,जाल
claim,दावा
Christine,क्रिस्टीन
California,कैलिफोर्निया
talks,बाते
eggs,अंडे
effect,प्रभाव
chick,चूजा
turkey,टर्की
threatening,धमकी
spoken,बोला
snake,साँप
introduce,परिचय देना
rescue,बचाव
confession,स्वीकारोक्ति
embarrassing,शर्मिंदा करने वाला
bags,थैलियों
lover,प्रेम करनेवाला
impression,प्रभाव
gate,दरवाज़ा
Kim,किम
fantasy,कल्पना
year 's,साल
reputation,प्रतिष्ठा
balls,गेंदों
attacked,हमला किया
among,के बीच
lt,लेफ्टिनेंट
knowledge,ज्ञान
presents,प्रस्तुत करता है
inn,सराय
Europe,यूरोप
chat,बात करना
suffer,पीड़ित
Bryant,ब्रायंट
argument,तर्क
talkin,बात
crowd,भीड़
Montgomery,मॉन्टगोमेरी
homework,गृहकार्य
fought,लड़ा
coincidence,संयोग
cancel,रद्द करना
accepted,स्वीकृत
rip,फाड़ना
pride,गर्व
solve,हल करना
hopefully,उम्मीद है
Walter,वॉल्टर
pounds,पाउंड
pine,देवदार
mate,साथी
illegal,गैरकानूनी
generous,उदार
Tommy,मामूली सिपाही
streets,सड़कों
Matt,मैट
director,निदेशक
glen,कंदरा
con,चोर
separate,अलग
outfit,पोशाक
maid,नौकरानी
bath,नहाना
punch,पंच
Phil,फिल
mayor,महापौर
Helen,हेलेन
freaked,काफी घबराए
begging,भीख मांगना
recall,याद करना
enjoying,मजा अ
bug,कीड़ा
woman 's,महिला
prepare,तैयार करना
parts,पार्ट्स
wheel,पहिया
signal,संकेत
Nikki,निकी
direction,दिशा
defend,रक्षा करना
signs,लक्षण
painful,दर्दनाक
Caroline,कैरोलीन
yourselves,स्वयं
walls,दीवारों
rat,चूहा
Maris,मैरिस
amount,मात्रा
that 'd,वह 'डी
suspicious,संदिग्ध
hearts,दिल
flat,समतल
cooking,खाना बनाना
button,बटन
warned,आगाह
sixty,साठ
pity,दया
parties,दलों
crisis,संकट
Rae,रायबरेली
coach,प्रशिक्षक
Abbott,एबट
row,पंक्ति
baseball,बेसबॉल
yelling,चिल्ला
leads,नेतृत्व
awhile,कुछ समय
pen,कलम
confidence,आत्मविश्वास
offering,प्रसाद
falls,फॉल्स
carter,गाड़ीवान
image,छवि
farm,खेत
pleased,प्रसन्न
panic,घबड़ाहट
Monday,सोमवार
hers,उसकी
gettin,मिल रहा है
smith,लोहार
role,भूमिका
refuse,अस्वीकार करना
determined,दृढ़ निश्चय वाला
Jane,जेन
hell 's,नरक
grandpa,दादा
progress,प्रगति
Mexico,मेक्सिको
testify,गवाही देना
passing,पासिंग
military,सैन्य
choices,विकल्प
artist,कलाकार
William,विलियम
wh,क
uhh,उह
gym,जिम
cruel,निर्दयी
wings,पंख
traffic,ट्रैफ़िक
pink,गुलाबी
bodies,निकायों
mental,मानसिक
gentleman,सज्जन
coma,प्रगाढ़ बेहोशी
poison,ज़हर
cutting,काट रहा है
Proteus,रूप बदलनेवाला प्राणी
guests,अतिथियों
girl 's,लड़कियाँ
expert,विशेषज्ञ
bull,साँड़
benefit,फ़ायदा
bell,घंटी
faces,चेहरे के
cases,मामलों
Mimi,मिमी
ghost,भूत
led,नेतृत्व किया
jumped,कूद
Audrey,ऑड्रे
toilet,शौचालय
secretary,सचिव
sneak,उचक्का
q,क्यू
mix,मिक्स
Marty,मार्टी
Greta,ग्रेटा
firm,अटल
Halloween,हेलोवीन
Barry,बैरी
agreement,समझौता
privacy,गोपनीयता
dates,खजूर
anniversary,सालगिरह
smoking,धूम्रपान
reminds,याद दिलाता है
pot,मटका
created,बनाया था
Wesley,वेस्ले
twins,जुडवा
swing,झूला
successful,सफल
season,मौसम
scream,चीख
considered,माना
solid,ठोस
options,विकल्प
flash,चमक
commitment,प्रतिबद्धता
senior,वरिष्ठ
ill,बीमार
else 's,और
crush,कुचलना
ambulance,रोगी वाहन
wallet,बटुआ
Thomas,थॉमस
Logan,लोगान
discovered,की खोज की
officially,आधिकारिक तौर पर
gang,गिरोह
til,टिल
rise,उठना
reached,पहुँच गया
eleven,ग्यारह
option,विकल्प
laundry,धोने लायक कपड़े
former,पूर्व
assure,आश्वासन
stays,रहता है
skip,छोडना
hunt,शिकार करना
fail,असफल
accused,आरोपी
wide,चौड़ा
Robert,रॉबर्ट
challenge,चुनौती
Snyder,स्नाइडर
popular,लोकप्रिय
learning,सीखना
discussion,बहस
clinic,क्लिनिक
plant,पौधा
exchange,अदला-बदली
betrayed,धोखा दिया
bro,भाई
sticking,चिपका
university,विश्वविद्यालय
target,लक्ष्य
members,सदस्यों
lower,निचला
bored,ऊबा हुआ
mansion,हवेली
soda,सोडा
silver,चाँदी
sheriff,शेरिफ
suite,सुइट
handled,संभाला
busted,पर्दाफाश
senator,सीनेटर
Harold,हेरोल्ड
load,भार
happier,खुश
younger,छोटा
studying,पढ़ना
romance,रोमांस
procedure,प्रक्रिया
ocean,महासागर
section,अनुभाग
Fred,फ्रेड
winter,सर्दी
sec,सेकंड
commit,प्रतिबद्ध
bones,बोन्स
assignment,कार्यभार
suicide,आत्मघाती
spread,फैलाना
Quinn,क्विन
minds,मन
fishing,मछली पकड़ने
swim,तैरना
ending,समापन
bat,बल्ला
yell,चिल्लाना
llanview,llanview
league,लीग
chasing,का पीछा करते हुए
seats,सीटें
proper,उचित
holiday,छुट्टी
command,आज्ञा
believes,का मानना ​​​​है कि
humor,हास्य
hopes,आशाएँ
fifth,पांचवां
winning,जीत
solution,समाधान
leader,नेता
yellow,पीला
Theresa 's,थेरेसा
sharp,तीखा
sale,बिक्री
Randy,भिखारिन
lawyers,वकील
giant,बहुत बड़ा
nor,और न
material,सामग्री
latest,नवीनतम
ash,राख
highly,अत्यधिक
escaped,भाग निकले
audience,श्रोता
winner,विजेता
parent,माता-पिता
burns,बर्न्स
tricks,चाल
insist,आग्रह करना
dropping,छोड़ने
cheer,खुश करना
medication,दवाई
higher,उच्च
flesh,माँस
district,ज़िला
wood,लकड़ी
routine,दिनचर्या
Zelda,ज़ेल्डा
cookies,कुकीज़
century,शतक
shared,साझा
sandwich,सैंडविच
psycho,पागल
handed,सौंप दिया
FALSE,असत्य
beating,पिटाई
appear,के जैसा लगना
adult,वयस्क
warrant,वारंट
spike,नोकदार चीज़
garden,बगीचा
family 's,परिवार
awfully,भय से
odds,कठिनाइयाँ
article,लेख
treating,इलाज
thin,पतला
suggesting,सुझाना
Palmer,बाज़ीगर
fever,बुखार
female,महिला
sweat,पसीना
silent,चुपचाप
specific,विशिष्ट
clever,चतुर
sweater,स्वेटर
request,अनुरोध
prize,पुरस्कार
mall,मॉल
tries,की कोशिश करता है
mile,मील
manning,मैनिंग
fully,पूरी तरह
estate,जागीर
diamond,डायमंड
union,मिलन
sharing,बंटवारे
Jamie,जेमी
assuming,मान लिया जाये
judgment,प्रलय
goodnight,शुभ रात्रि
divorced,तलाकशुदा
quality,गुणवत्ता
despite,इसके बावजूद
Colby,कोल्बी
surely,निश्चित रूप से
steps,कदम
jet,जेट
confess,अपराध स्वीकार करना
Bart,बार्ट
mountain,पर्वत
math,गणित
listened,सुना
comin,आ
answered,उत्तर
vulnerable,असुरक्षित
Boston,बोस्टान
bless,आशीर्वाद
dreaming,सपना देखना
rooms,कमरा
Claire,क्लेयर
chip,टुकड़ा
zero,शून्य
potential,संभावना
pissed,नाराज
Nate,नैट
kills,मारता
grant,अनुदान
wolf,भेड़िया
tears,आँसू
knees,घुटनों
chill,सर्द
Carly 's,कार्ली
blonde,गोरा
brains,दिमाग
agency,एजेंसी
Harvard,हार्वर्ड
degree,डिग्री
unusual,असामान्य
wife 's,पत्नी
joint,संयुक्त
rob,लूटना
packed,पैक
Mel,मेल
dreamed,सपना देखा
cure,इलाज
covering,कवर
newspaper,अखबार
lookin,यहां देखो
coast,तट
grave,कब्र
egg,अंडा
direct,प्रत्यक्ष
cheating,बेईमानी करना
breaks,टूट जाता है
quarter,तिमाही
orange,नारंगी
mixed,मिश्रित
locker,लॉकर
husband 's,पति
gifts,उपहार
brand,ब्रांड
awkward,अजीब
toy,खिलौने
Thursday,गुरुवार
rare,दुर्लभ
policy,नीति
pilar,पिलर
kid 's,बच्चे
joking,मजाक कर रहा है
competition,प्रतियोगिता
classes,कक्षाओं
assumed,ग्रहण
reasonable,उचित
dozen,दर्जन
curse,अभिशाप
Quartermaine,क्वार्टरमाइन
millions,लाखों
dessert,मिठाई
rolling,रोलिंग
detail,विवरण
alien,विदेशी
served,सेवित
delicious,स्वादिष्ट
closing,समापन
vampires,पिशाच
released,जारी किया
Mackenzie,मैकेंज़ी
ancient,प्राचीन
wore,पहनी थी
value,कीमत
tail,पूँछ
site,साइट
secure,सुरक्षित
salad,सलाद
murderer,मार डालनेवाला
Margaret,मार्गरेट
hits,एचआईटीएस
toward,की ओर
spit,थूकना
screen,स्क्रीन
pilot,पायलट
penny,पैसे
offense,अपराध
dust,धूल
conscience,अंतरात्मा की आवाज
Carl,कार्ल
bread,रोटी
answering,उत्तर दे रहे हैं
admitted,स्वीकार किया
lame,झूठा
invitation,आमंत्रण
hidden,छिपा हुआ
grief,दु: ख
smiling,मुस्कराते हुए
path,पथ
homer,डाक का कबूतर
destiny,तकदीर
del,डेल
stands,खड़ा
bowl,कटोरा
pregnancy,गर्भावस्था
Laurie,लॉरी
Hollywood,हॉलीवुड
co,सह
prisoner,बंदी
delivery,वितरण
Jenny,जेनी
guards,गार्ड
desire,इच्छा
